{
  "expert_id": 1,
  "expert_name": "QuantumEnhanced_PM25_Predictor",
  "architecture": {
    "type": "Quantum-Enhanced Sequential",
    "input_shape": [
      5,
      10,
      10,
      24
    ],
    "output_shape": [
      10,
      10,
      1
    ],
    "quantum_inspired": true
  },
  "training": {
    "epochs_trained": 55,
    "final_train_loss": 0.0014809746062383056,
    "final_val_loss": 0.0010781276505440474,
    "training_time_seconds": 672.8352065086365,
    "batch_size": 4,
    "learning_rate": 0.001
  },
  "performance": {
    "test_mse": 0.0007537372875958681,
    "test_mae": 0.02177075855433941,
    "test_r2": 0.9823421088610371
  },
  "target_band": "PM2.5",
  "saved_format": "TensorFlow SavedModel",
  "timestamp": "2025-11-20 10:09:40"
}