{
  "expert_id": 5,
  "expert_name": "QuantumEnhanced_CO_Predictor",
  "architecture": {
    "type": "Quantum-Enhanced Sequential",
    "input_shape": [
      5,
      10,
      10,
      24
    ],
    "output_shape": [
      10,
      10,
      1
    ],
    "quantum_inspired": true
  },
  "training": {
    "epochs_trained": 16,
    "final_train_loss": 0.001653748331591487,
    "final_val_loss": 0.004493159241974354,
    "training_time_seconds": 339.59595799446106,
    "batch_size": 4,
    "learning_rate": 0.001
  },
  "performance": {
    "test_mse": 0.0018235883908346295,
    "test_mae": 0.035261522978544235,
    "test_r2": 0.9159456091415975
  },
  "target_band": "CO",
  "saved_format": "TensorFlow SavedModel",
  "timestamp": "2025-11-20 23:19:24"
}