{
  "expert_id": 7,
  "expert_name": "QuantumEnhanced_AOD_Predictor",
  "architecture": {
    "type": "Quantum-Enhanced Sequential",
    "input_shape": [
      5,
      10,
      10,
      24
    ],
    "output_shape": [
      10,
      10,
      1
    ],
    "quantum_inspired": true
  },
  "training": {
    "epochs_trained": 41,
    "final_train_loss": 0.0014322996139526367,
    "final_val_loss": 0.0025481940247118473,
    "training_time_seconds": 342.00997853279114,
    "batch_size": 4,
    "learning_rate": 0.001
  },
  "performance": {
    "test_mse": 0.0016055855667218566,
    "test_mae": 0.025900641456246376,
    "test_r2": 0.9623857626242454
  },
  "target_band": "AOD",
  "saved_format": "TensorFlow SavedModel",
  "timestamp": "2025-11-20 23:44:17"
}