{
  "expert_id": 4,
  "expert_name": "QuantumEnhanced_SO2_Predictor",
  "architecture": {
    "type": "Quantum-Enhanced Sequential",
    "input_shape": [
      5,
      10,
      10,
      24
    ],
    "output_shape": [
      10,
      10,
      1
    ],
    "quantum_inspired": true
  },
  "training": {
    "epochs_trained": 77,
    "final_train_loss": 0.0013873048592358828,
    "final_val_loss": 0.0033136550337076187,
    "training_time_seconds": 1477.902630329132,
    "batch_size": 4,
    "learning_rate": 0.001
  },
  "performance": {
    "test_mse": 0.0020614061504602432,
    "test_mae": 0.023411160334944725,
    "test_r2": 0.9306772288836737
  },
  "target_band": "SO2",
  "saved_format": "TensorFlow SavedModel",
  "timestamp": "2025-11-20 23:37:11"
}